pair_id,detected_left,detected_right,common_count,common_ids,mean_abs_vertical_error_px,median_abs_vertical_error_px,p95_abs_vertical_error_px,max_abs_vertical_error_px,status
000001,True,True,24,0 1 2 3 4 5 6 7 8 9 10 11 12 13 14 15 16 17 18 19 20 21 22 23,0.217982,0.200012,0.437924,0.465790,PASS
000002,True,True,24,0 1 2 3 4 5 6 7 8 9 10 11 12 13 14 15 16 17 18 19 20 21 22 23,0.189936,0.186768,0.400850,0.446594,PASS
000003,True,True,24,0 1 2 3 4 5 6 7 8 9 10 11 12 13 14 15 16 17 18 19 20 21 22 23,0.168505,0.143173,0.417055,0.472595,PASS
000004,True,True,24,0 1 2 3 4 5 6 7 8 9 10 11 12 13 14 15 16 17 18 19 20 21 22 23,0.177587,0.144226,0.488651,0.518127,PASS
000005,True,True,24,0 1 2 3 4 5 6 7 8 9 10 11 12 13 14 15 16 17 18 19 20 21 22 23,0.208408,0.188812,0.378519,0.599487,PASS
000006,True,True,24,0 1 2 3 4 5 6 7 8 9 10 11 12 13 14 15 16 17 18 19 20 21 22 23,0.169879,0.168442,0.380914,0.575958,PASS
000007,True,True,24,0 1 2 3 4 5 6 7 8 9 10 11 12 13 14 15 16 17 18 19 20 21 22 23,0.075202,0.064285,0.135428,0.300659,PASS
000008,True,True,24,0 1 2 3 4 5 6 7 8 9 10 11 12 13 14 15 16 17 18 19 20 21 22 23,0.117546,0.103119,0.284348,0.316650,PASS
000009,True,True,24,0 1 2 3 4 5 6 7 8 9 10 11 12 13 14 15 16 17 18 19 20 21 22 23,0.061155,0.053207,0.119043,0.123047,PASS
000010,True,True,22,0 1 2 3 4 5 6 7 8 9 10 11 12 13 14 15 16 17 18 19 20 21,0.061859,0.047440,0.179300,0.219727,PASS
000011,True,True,22,0 1 2 3 4 5 6 7 8 9 10 11 12 13 14 15 16 17 18 19 20 21,0.083830,0.068542,0.180731,0.191376,PASS
000012,True,True,22,0 1 2 3 4 5 6 7 8 9 10 11 12 13 14 15 16 17 18 19 20 21,0.084672,0.072540,0.223526,0.241394,PASS
000013,True,True,24,0 1 2 3 4 5 6 7 8 9 10 11 12 13 14 15 16 17 18 19 20 21 22 23,0.174657,0.137054,0.415352,0.630615,PASS
000014,True,True,24,0 1 2 3 4 5 6 7 8 9 10 11 12 13 14 15 16 17 18 19 20 21 22 23,0.098019,0.083694,0.277664,0.304443,PASS
000015,True,True,24,0 1 2 3 4 5 6 7 8 9 10 11 12 13 14 15 16 17 18 19 20 21 22 23,0.089567,0.052673,0.253740,0.266052,PASS
000016,True,True,24,0 1 2 3 4 5 6 7 8 9 10 11 12 13 14 15 16 17 18 19 20 21 22 23,0.098811,0.103119,0.182147,0.183350,PASS
000017,True,True,24,0 1 2 3 4 5 6 7 8 9 10 11 12 13 14 15 16 17 18 19 20 21 22 23,0.082122,0.069061,0.189326,0.236053,PASS
000018,True,True,24,0 1 2 3 4 5 6 7 8 9 10 11 12 13 14 15 16 17 18 19 20 21 22 23,0.087046,0.075592,0.183185,0.238953,PASS
000019,True,True,24,0 1 2 3 4 5 6 7 8 9 10 11 12 13 14 15 16 17 18 19 20 21 22 23,0.174911,0.170273,0.347202,0.389038,PASS
000020,True,True,24,0 1 2 3 4 5 6 7 8 9 10 11 12 13 14 15 16 17 18 19 20 21 22 23,0.198255,0.142227,0.440155,0.477783,PASS
000021,True,True,24,0 1 2 3 4 5 6 7 8 9 10 11 12 13 14 15 16 17 18 19 20 21 22 23,0.175724,0.139709,0.473921,0.552979,PASS
000022,True,True,22,0 1 2 3 4 5 6 7 8 9 10 11 12 13 14 15 16 17 18 19 20 21,0.222386,0.199005,0.475693,0.490662,PASS
000023,True,True,24,0 1 2 3 4 5 6 7 8 9 10 11 12 13 14 15 16 17 18 19 20 21 22 23,0.183202,0.120163,0.499313,0.647034,PASS
000024,True,True,22,0 1 2 3 4 5 6 7 8 9 10 11 12 13 14 15 16 17 18 19 20 21,0.175504,0.177795,0.342125,0.391083,PASS
000025,True,True,14,1 2 3 4 5 7 8 9 10 11 15 16 17 21,0.309834,0.297470,0.557764,0.611877,PASS
000026,True,True,24,0 1 2 3 4 5 6 7 8 9 10 11 12 13 14 15 16 17 18 19 20 21 22 23,0.170954,0.147354,0.413226,0.493378,PASS
000027,True,True,24,0 1 2 3 4 5 6 7 8 9 10 11 12 13 14 15 16 17 18 19 20 21 22 23,0.205845,0.181152,0.433185,0.490662,PASS
000028,True,True,24,0 1 2 3 4 5 6 7 8 9 10 11 12 13 14 15 16 17 18 19 20 21 22 23,0.262037,0.226990,0.523106,0.648010,PASS
000029,True,True,24,0 1 2 3 4 5 6 7 8 9 10 11 12 13 14 15 16 17 18 19 20 21 22 23,0.153528,0.108490,0.440128,0.479614,PASS
000030,True,True,24,0 1 2 3 4 5 6 7 8 9 10 11 12 13 14 15 16 17 18 19 20 21 22 23,0.249917,0.240707,0.528912,0.550964,PASS
000031,True,True,24,0 1 2 3 4 5 6 7 8 9 10 11 12 13 14 15 16 17 18 19 20 21 22 23,0.182966,0.166901,0.387994,0.573425,PASS
000033,True,True,24,0 1 2 3 4 5 6 7 8 9 10 11 12 13 14 15 16 17 18 19 20 21 22 23,0.190240,0.124237,0.490912,0.500885,PASS
000034,True,True,24,0 1 2 3 4 5 6 7 8 9 10 11 12 13 14 15 16 17 18 19 20 21 22 23,0.141012,0.125305,0.268155,0.274445,PASS
000035,True,True,24,0 1 2 3 4 5 6 7 8 9 10 11 12 13 14 15 16 17 18 19 20 21 22 23,0.199093,0.167816,0.462753,0.517548,PASS
000036,True,True,24,0 1 2 3 4 5 6 7 8 9 10 11 12 13 14 15 16 17 18 19 20 21 22 23,0.215396,0.179016,0.545667,0.573059,PASS
000037,True,True,24,0 1 2 3 4 5 6 7 8 9 10 11 12 13 14 15 16 17 18 19 20 21 22 23,0.150391,0.100311,0.349907,0.456421,PASS
000038,True,True,24,0 1 2 3 4 5 6 7 8 9 10 11 12 13 14 15 16 17 18 19 20 21 22 23,0.245622,0.158691,0.502411,0.561279,PASS
000039,True,True,24,0 1 2 3 4 5 6 7 8 9 10 11 12 13 14 15 16 17 18 19 20 21 22 23,0.218585,0.223297,0.417293,0.449493,PASS
000040,True,True,24,0 1 2 3 4 5 6 7 8 9 10 11 12 13 14 15 16 17 18 19 20 21 22 23,0.187093,0.197800,0.386185,0.391846,PASS
000041,True,True,24,0 1 2 3 4 5 6 7 8 9 10 11 12 13 14 15 16 17 18 19 20 21 22 23,0.166115,0.131790,0.425259,0.516479,PASS
000042,True,True,24,0 1 2 3 4 5 6 7 8 9 10 11 12 13 14 15 16 17 18 19 20 21 22 23,0.204727,0.164795,0.404233,0.579895,PASS
000043,True,True,24,0 1 2 3 4 5 6 7 8 9 10 11 12 13 14 15 16 17 18 19 20 21 22 23,0.180433,0.150986,0.418822,0.440094,PASS
000044,True,True,24,0 1 2 3 4 5 6 7 8 9 10 11 12 13 14 15 16 17 18 19 20 21 22 23,0.216770,0.205032,0.422498,0.461426,PASS
000045,True,True,24,0 1 2 3 4 5 6 7 8 9 10 11 12 13 14 15 16 17 18 19 20 21 22 23,0.250209,0.209885,0.568770,0.587006,PASS
000046,True,True,24,0 1 2 3 4 5 6 7 8 9 10 11 12 13 14 15 16 17 18 19 20 21 22 23,0.201623,0.161728,0.527264,0.543610,PASS
000047,True,True,24,0 1 2 3 4 5 6 7 8 9 10 11 12 13 14 15 16 17 18 19 20 21 22 23,0.233283,0.160675,0.507121,0.867096,PASS
000048,True,True,24,0 1 2 3 4 5 6 7 8 9 10 11 12 13 14 15 16 17 18 19 20 21 22 23,0.173981,0.140396,0.436484,0.575378,PASS
000049,True,True,24,0 1 2 3 4 5 6 7 8 9 10 11 12 13 14 15 16 17 18 19 20 21 22 23,0.171930,0.140793,0.464772,0.499207,PASS
000050,True,True,24,0 1 2 3 4 5 6 7 8 9 10 11 12 13 14 15 16 17 18 19 20 21 22 23,0.189237,0.173828,0.458217,0.489563,PASS
000051,True,True,24,0 1 2 3 4 5 6 7 8 9 10 11 12 13 14 15 16 17 18 19 20 21 22 23,0.189727,0.191162,0.375742,0.541809,PASS
000052,True,True,24,0 1 2 3 4 5 6 7 8 9 10 11 12 13 14 15 16 17 18 19 20 21 22 23,0.191453,0.128830,0.537857,0.634735,PASS
000053,True,True,24,0 1 2 3 4 5 6 7 8 9 10 11 12 13 14 15 16 17 18 19 20 21 22 23,0.255955,0.172684,0.640327,0.784027,PASS
000054,True,True,24,0 1 2 3 4 5 6 7 8 9 10 11 12 13 14 15 16 17 18 19 20 21 22 23,0.241643,0.212479,0.502225,0.636688,PASS
000057,True,True,24,0 1 2 3 4 5 6 7 8 9 10 11 12 13 14 15 16 17 18 19 20 21 22 23,0.330833,0.319290,0.781540,0.872223,PASS
000058,True,True,24,0 1 2 3 4 5 6 7 8 9 10 11 12 13 14 15 16 17 18 19 20 21 22 23,0.218458,0.149414,0.514793,0.740082,PASS
000059,True,True,24,0 1 2 3 4 5 6 7 8 9 10 11 12 13 14 15 16 17 18 19 20 21 22 23,0.240557,0.186493,0.509225,0.585327,PASS
000060,True,True,24,0 1 2 3 4 5 6 7 8 9 10 11 12 13 14 15 16 17 18 19 20 21 22 23,0.255816,0.210083,0.555994,0.713959,PASS
000061,True,True,24,0 1 2 3 4 5 6 7 8 9 10 11 12 13 14 15 16 17 18 19 20 21 22 23,0.273473,0.195892,0.597304,0.603516,PASS
000062,True,True,24,0 1 2 3 4 5 6 7 8 9 10 11 12 13 14 15 16 17 18 19 20 21 22 23,0.238497,0.217194,0.604124,0.688049,PASS
000063,True,True,24,0 1 2 3 4 5 6 7 8 9 10 11 12 13 14 15 16 17 18 19 20 21 22 23,0.174661,0.127991,0.592273,0.943146,PASS
000064,True,True,24,0 1 2 3 4 5 6 7 8 9 10 11 12 13 14 15 16 17 18 19 20 21 22 23,0.135258,0.095947,0.358765,0.792847,PASS
000065,True,True,24,0 1 2 3 4 5 6 7 8 9 10 11 12 13 14 15 16 17 18 19 20 21 22 23,0.129688,0.124115,0.290790,0.319092,PASS
000066,True,True,24,0 1 2 3 4 5 6 7 8 9 10 11 12 13 14 15 16 17 18 19 20 21 22 23,0.217405,0.154846,0.690518,0.729797,PASS
000067,True,True,24,0 1 2 3 4 5 6 7 8 9 10 11 12 13 14 15 16 17 18 19 20 21 22 23,0.264650,0.213882,0.637994,0.663055,PASS
000068,True,True,24,0 1 2 3 4 5 6 7 8 9 10 11 12 13 14 15 16 17 18 19 20 21 22 23,0.190809,0.127533,0.446707,0.598145,PASS
000069,True,True,24,0 1 2 3 4 5 6 7 8 9 10 11 12 13 14 15 16 17 18 19 20 21 22 23,0.130583,0.102753,0.244212,0.411957,PASS
000070,True,True,24,0 1 2 3 4 5 6 7 8 9 10 11 12 13 14 15 16 17 18 19 20 21 22 23,0.107695,0.101135,0.238638,0.289612,PASS
000071,True,True,24,0 1 2 3 4 5 6 7 8 9 10 11 12 13 14 15 16 17 18 19 20 21 22 23,0.182461,0.119781,0.578284,0.833130,PASS
000072,True,True,24,0 1 2 3 4 5 6 7 8 9 10 11 12 13 14 15 16 17 18 19 20 21 22 23,0.228873,0.183044,0.686545,0.773071,PASS
000073,True,True,24,0 1 2 3 4 5 6 7 8 9 10 11 12 13 14 15 16 17 18 19 20 21 22 23,0.195679,0.155441,0.558554,0.617432,PASS
000074,True,True,24,0 1 2 3 4 5 6 7 8 9 10 11 12 13 14 15 16 17 18 19 20 21 22 23,0.222084,0.186707,0.582086,0.651794,PASS
000075,True,True,24,0 1 2 3 4 5 6 7 8 9 10 11 12 13 14 15 16 17 18 19 20 21 22 23,0.314279,0.287079,0.782428,0.880920,PASS
000076,True,True,24,0 1 2 3 4 5 6 7 8 9 10 11 12 13 14 15 16 17 18 19 20 21 22 23,0.227542,0.258087,0.535492,0.642303,PASS
000077,True,True,18,0 1 2 3 4 5 6 7 8 9 10 11 12 13 14 15 16 17,0.211853,0.141754,0.547995,0.566101,PASS
000078,True,True,18,0 1 2 3 4 5 6 7 8 9 10 11 12 13 14 15 16 17,0.263065,0.255569,0.472734,0.710266,PASS
000079,True,True,18,0 1 2 3 4 5 6 7 8 9 10 11 12 13 14 15 16 17,0.248003,0.238190,0.404617,0.415771,PASS
000080,True,True,18,0 1 2 3 4 5 6 7 8 9 10 11 12 13 14 15 16 17,0.252942,0.215149,0.518753,0.759216,PASS
000081,True,True,20,0 1 2 3 4 5 6 7 8 9 10 11 12 13 14 15 16 17 22 23,0.209946,0.123978,0.529877,0.769348,PASS
000083,True,True,24,0 1 2 3 4 5 6 7 8 9 10 11 12 13 14 15 16 17 18 19 20 21 22 23,0.218795,0.147827,0.475168,0.683533,PASS
000084,True,True,24,0 1 2 3 4 5 6 7 8 9 10 11 12 13 14 15 16 17 18 19 20 21 22 23,0.212962,0.158081,0.521892,0.611145,PASS
